{
  "padding": 0.0,
  "non_prediction_labels": ["avatar"],
  "template": {
    "id": {
      "bboxs": [
        [0.4086294416243655, 0.404],
        [0.7525380710659898, 0.404],
        [0.7525380710659898, 0.484],
        [0.4086294416243655, 0.484]
      ]
    },
    "name": {
      "bboxs": [
        [0.2918781725888325, 0.544],
        [0.666243654822335, 0.544],
        [0.666243654822335, 0.616],
        [0.2918781725888325, 0.616]
      ]
    },
    "dob": {
      "bboxs": [
        [0.5774111675126904, 0.616],
        [0.748730964467005, 0.616],
        [0.748730964467005, 0.676],
        [0.5774111675126904, 0.676]
      ]
    },
    "gender": {
      "bboxs": [
        [0.4733502538071066, 0.666],
        [0.5571065989847716, 0.666],
        [0.5571065989847716, 0.736],
        [0.4733502538071066, 0.736]
      ]
    },
    "address": {
      "bboxs": [
        [0.29314720812182743, 0.904],
        [0.8718274111675127, 0.904],
        [0.8718274111675127, 0.98],
        [0.29314720812182743, 0.98]
      ]
    },
    "avatar": {
      "bboxs": [
        [0.03680203045685279, 0.342],
        [0.27284263959390864, 0.342],
        [0.27284263959390864, 0.868],
        [0.03680203045685279, 0.868]
      ]
    }
  }
}
