{
  "padding": 0.0,
  "template": {
    "public_date": {
      "bboxs": [
        [0.4093198992443325, 0.14],
        [0.5377833753148614, 0.14],
        [0.5377833753148614, 0.19],
        [0.4093198992443325, 0.19]
      ]
    }
  }
}
