{
  "padding": 10.0,
  "template": {
    "public_date": {
      "bboxs": [
        [0.4093198992443325, 0.14],
        [0.5377833753148614, 0.14],
        [0.5377833753148614, 0.19],
        [0.4093198992443325, 0.19]
      ],
      "regex": "(?<!\\d)(0[1-9]|[12][0-9]|3[01])/(0[1-9]|1[0-2])/\\d{4}(?!\\d)"
    }
  }
}
