{
  "padding": 2.0,
  "non_prediction_labels": ["image"],
  "template": {
    "id": {
      "bboxs": [
        [0.14893617021276595, 0.94],
        [0.20345744680851063, 0.94],
        [0.20345744680851063, 0.972],
        [0.14893617021276595, 0.972]
      ]
    },
    "no": {
      "bboxs": [
        [0.13829787234042554, 0.072],
        [0.1768617021276596, 0.072],
        [0.1768617021276596, 0.088],
        [0.13829787234042554, 0.088]
      ]
    },
    "acreage": {
      "bboxs": [
        [0.13031914893617022, 0.132],
        [0.16489361702127658, 0.132],
        [0.16489361702127658, 0.15],
        [0.13031914893617022, 0.15]
      ]
    },
    "image": {
      "bboxs": [
        [0.5492021276595744, 0.074],
        [0.9401595744680851, 0.074],
        [0.9401595744680851, 0.604],
        [0.5492021276595744, 0.604]
      ]
    }
  }
}
